{
  "250_170": 0.27799549456143524, 
  "250_180": 0.26357789071699333, 
  "250_190": 0.2496621487064394, 
  "250_200": 0.23663784394235696, 
  "250_210": 0.22333014672456625, 
  "250_220": 0.2136576734945796, 
  "250_230": 0.20724397193226182, 
  "250_240": 0.20503258358538215, 
  "275_195": 0.30333885635991154, 
  "275_205": 0.28663943777931494, 
  "275_215": 0.2708565279558053, 
  "275_225": 0.25540825204005185, 
  "275_235": 0.24176774655560987, 
  "275_245": 0.2313181683374774, 
  "275_255": 0.22455953725796304, 
  "275_265": 0.22216239939984384, 
  "300_220": 0.32410796934426683, 
  "300_230": 0.3063852270368011, 
  "300_240": 0.28819099079230304, 
  "300_250": 0.2730040513014088, 
  "300_260": 0.25836137250742186, 
  "300_270": 0.2474483722031693, 
  "300_280": 0.24096366627029, 
  "300_290": 0.23787044492350848, 
  "325_245": 0.3425279515973052, 
  "325_255": 0.3236801211850535, 
  "325_265": 0.3053042652086031, 
  "325_275": 0.28762069112022515, 
  "325_285": 0.2734813123653354, 
  "325_295": 0.26180327066513126, 
  "325_305": 0.255222198736661, 
  "325_315": 0.25231495726650427, 
  "350_270": 0.3599162696901547, 
  "350_280": 0.3392745922288761, 
  "350_290": 0.32012916946990333, 
  "350_300": 0.3027842749083893, 
  "350_310": 0.286833668897134, 
  "350_320": 0.275790940805479, 
  "350_330": 0.26857268182988375, 
  "350_340": 0.2658397873207286, 
  "375_295": 0.3756171270364765, 
  "375_305": 0.3539515898044818, 
  "375_315": 0.3342489871090092, 
  "375_325": 0.31540955295329565, 
  "375_335": 0.2994413509437105, 
  "375_345": 0.28753740457941596, 
  "375_355": 0.28073802121232166, 
  "375_365": 0.2780637971150941, 
  "400_320": 0.3898580467552122, 
  "400_330": 0.3671285727345034, 
  "400_340": 0.34700044283518716, 
  "400_350": 0.3272218807947958, 
  "400_360": 0.3112915857832008, 
  "400_370": 0.2989871235711661, 
  "400_380": 0.29289245388735197, 
  "400_390": 0.2898469280823051, 
  "425_345": 0.4028662904567284, 
  "425_355": 0.3790980096605118, 
  "425_365": 0.3581746713540937, 
  "425_375": 0.338315819585144, 
  "425_385": 0.32266040823432895, 
  "425_395": 0.31022327816148804, 
  "425_405": 0.30363716165203036, 
  "425_415": 0.3007366045631771, 
  "450_370": 0.4138201381988406, 
  "450_380": 0.3897592871884426, 
  "450_390": 0.3680547140454367, 
  "450_400": 0.3495672436328968, 
  "450_410": 0.33140586532428795, 
  "450_420": 0.3196418613076893, 
  "450_430": 0.3118846258922586, 
  "450_440": 0.3097860592124535, 
  "475_395": 0.4241843395233057, 
  "475_405": 0.39951143458129207, 
  "475_415": 0.3787537269427857, 
  "475_425": 0.3575926566734035, 
  "475_435": 0.3424225975712294, 
  "475_445": 0.32887700534759357, 
  "475_455": 0.32243807866474, 
  "475_465": 0.3195217634971044, 
  "500_420": 0.4320148760515733, 
  "500_430": 0.40922362426289954, 
  "500_440": 0.38561844405594403, 
  "500_450": 0.36664608769233425, 
  "500_460": 0.3495388035268795, 
  "500_470": 0.33711153911632646, 
  "500_480": 0.3305308575195659, 
  "500_490": 0.32716837145057126, 
  "525_445": 0.44051329380231935, 
  "525_455": 0.4177327582573512, 
  "525_465": 0.39480694169924196, 
  "525_475": 0.3754083041835157, 
  "525_485": 0.3565831727681439, 
  "525_495": 0.3455463279596157, 
  "525_505": 0.33771861003520887, 
  "525_515": 0.33645537190816116, 
  "550_470": 0.44956862173531065, 
  "550_480": 0.42399947120600023, 
  "550_490": 0.4021266707564181, 
  "550_500": 0.3805673877759405, 
  "550_510": 0.36388682918600934, 
  "550_520": 0.3510763969845341, 
  "550_530": 0.34446491632120374, 
  "550_540": 0.34216693996720393, 
  "575_495": 0.4553711611731915, 
  "575_505": 0.43122372723026625, 
  "575_515": 0.40719061435599846, 
  "575_525": 0.38658131964442216, 
  "575_535": 0.3705960339623706, 
  "575_545": 0.35828654314055774, 
  "575_555": 0.34927808768298013, 
  "575_565": 0.34856024523830503, 
  "600_520": 0.46186188013386065, 
  "600_530": 0.43848205653850186, 
  "600_540": 0.4141162165380734, 
  "600_550": 0.393044467644834, 
  "600_560": 0.3768337746224796, 
  "600_570": 0.362020738033704, 
  "600_580": 0.3555855192760875, 
  "600_590": 0.35330169332630224, 
  "625_545": 0.4698752438952285, 
  "625_555": 0.44294622226442565, 
  "625_565": 0.4198445634950577, 
  "625_575": 0.3978148835291692, 
  "625_585": 0.3806694650737273, 
  "625_595": 0.36995381689758217, 
  "625_605": 0.3616498456777002, 
  "625_615": 0.3598333922747456, 
  "650_570": 0.477057501705389, 
  "650_580": 0.4476222063475865, 
  "650_590": 0.42389085727489795, 
  "650_600": 0.40099051300396765, 
  "650_610": 0.3852932652247944, 
  "650_620": 0.37333790487619334, 
  "650_630": 0.3666243406915413, 
  "650_640": 0.36459933213765494, 
  "675_595": 0.48019919106794806, 
  "675_605": 0.4527236468471593, 
  "675_615": 0.42910935918000526, 
  "675_625": 0.4103280694074997, 
  "675_635": 0.3931667763285211, 
  "675_645": 0.3800384318869596, 
  "675_655": 0.3715604345904386, 
  "675_665": 0.37228808242248124, 
  "700_620": 0.487165978251707, 
  "700_630": 0.45741139846743295, 
  "700_640": 0.435852608929532, 
  "700_650": 0.41252794094713313, 
  "700_660": 0.3964503846055557, 
  "700_670": 0.3827259490599084, 
  "700_680": 0.3797953361156304, 
  "700_690": 0.3745434484857708, 
  "725_645": 0.48811834319526626, 
  "725_655": 0.4639921149826161, 
  "725_665": 0.4356084809758931, 
  "725_675": 0.41727943252798394, 
  "725_685": 0.3989993080321499, 
  "725_695": 0.38519004334771423, 
  "725_705": 0.3830087843233614, 
  "725_715": 0.3762919591609742, 
  "750_670": 0.4923264907135875, 
  "750_680": 0.4644903075417551, 
  "750_690": 0.44077433017217565, 
  "750_700": 0.4203809932820025, 
  "750_710": 0.40317395865056, 
  "750_720": 0.39196515952241145, 
  "750_730": 0.38637281990236655, 
  "750_740": 0.3816732122049113, 
  "775_695": 0.4955768765266378, 
  "775_705": 0.4718299294944603, 
  "775_715": 0.4430805996089507, 
  "775_725": 0.4229488087810758, 
  "775_735": 0.4058041170989096, 
  "775_745": 0.3951181759859879, 
  "775_755": 0.3846967373486331, 
  "775_765": 0.38479039009888977, 
  "800_720": 0.49873287229929986, 
  "800_730": 0.47148590539894886, 
  "800_740": 0.4500371491622032, 
  "800_750": 0.42463571854179083, 
  "800_760": 0.40640644361833955, 
  "800_770": 0.3972651260639497, 
  "800_780": 0.39064163839429433, 
  "800_790": 0.39160256618307315
}