{
  "150_100": 0.17190430192705639, 
  "150_110": 0.15826978474751988, 
  "150_120": 0.14568161024702653, 
  "150_130": 0.13141724073293032, 
  "150_140": 0.12025190182362117, 
  "150_70": 0.2380837964534709, 
  "150_80": 0.21207253020246372, 
  "150_90": 0.18914229532915952, 
  "175_105": 0.2559973053203492, 
  "175_115": 0.22892170574788034, 
  "175_125": 0.2065520370676162, 
  "175_135": 0.1889291057897629, 
  "175_145": 0.17382340460257875, 
  "175_155": 0.1570589808609241, 
  "175_165": 0.1449240163287709, 
  "175_95": 0.2873302298985979, 
  "200_120": 0.32939732248699966, 
  "200_130": 0.2932548007265909, 
  "200_140": 0.26319420452928916, 
  "200_150": 0.23851795683039392, 
  "200_160": 0.21743436664619561, 
  "200_170": 0.19865622582146647, 
  "200_180": 0.17992533688433288, 
  "200_190": 0.16716832029102419, 
  "225_145": 0.3644732626274146, 
  "225_155": 0.3264677211408446, 
  "225_165": 0.29258634867044747, 
  "225_175": 0.2655679982771616, 
  "225_185": 0.24294189795306906, 
  "225_195": 0.22206131538677315, 
  "225_205": 0.20122001882615256, 
  "225_215": 0.1876938957860445, 
  "250_170": 0.39481405789371216, 
  "250_180": 0.35376713191046505, 
  "250_190": 0.3183495696340772, 
  "250_200": 0.28945551759465676, 
  "250_210": 0.26432328627954843, 
  "250_220": 0.2416468693328526, 
  "250_230": 0.21987927013307723, 
  "250_240": 0.20634783381207616, 
  "275_195": 0.42061187132539013, 
  "275_205": 0.37835168262142627, 
  "275_215": 0.3432187288898897, 
  "275_225": 0.3115497265832977, 
  "275_235": 0.2843235689023183, 
  "275_245": 0.26049134535594487, 
  "275_255": 0.23656682808040663, 
  "275_265": 0.22379387365159376, 
  "300_220": 0.4436855926369732, 
  "300_230": 0.4012481506388702, 
  "300_240": 0.36373913780549205, 
  "300_250": 0.33068737240031415, 
  "300_260": 0.30363663490659837, 
  "300_270": 0.27746461987542026, 
  "300_280": 0.2539090814952884, 
  "300_290": 0.23892228304729646, 
  "325_245": 0.4645101253378418, 
  "325_255": 0.4204247998608465, 
  "325_265": 0.3824110458088192, 
  "325_275": 0.3494136241608533, 
  "325_285": 0.3193778291634664, 
  "325_295": 0.2928312970837961, 
  "325_305": 0.2679326282186206, 
  "325_315": 0.2546589389210878, 
  "350_270": 0.4821640131078801, 
  "350_280": 0.4390299103728995, 
  "350_290": 0.39959979322650035, 
  "350_300": 0.36546971932022554, 
  "350_310": 0.3358251369913532, 
  "350_320": 0.30692658693130165, 
  "350_330": 0.28151820615826717, 
  "350_340": 0.26754250656934625, 
  "375_295": 0.49913019858398927, 
  "375_305": 0.4539518724298043, 
  "375_315": 0.41397456613289507, 
  "375_325": 0.37921744302588073, 
  "375_335": 0.3493509358860637, 
  "375_345": 0.32036317355649635, 
  "375_355": 0.29355089720992605, 
  "375_365": 0.2800156248013674, 
  "400_320": 0.5148885973358778, 
  "400_330": 0.4691090270469113, 
  "400_340": 0.4287061310041628, 
  "400_350": 0.39149216598051123, 
  "400_360": 0.36283139084914307, 
  "400_370": 0.3329932194313585, 
  "400_380": 0.3056392000895484, 
  "400_390": 0.2914021868217372, 
  "425_345": 0.5265349627472087, 
  "425_355": 0.48210339210281106, 
  "425_365": 0.43998989162738533, 
  "425_375": 0.4037516277723806, 
  "425_385": 0.3724996415815293, 
  "425_395": 0.3438058620644662, 
  "425_405": 0.3152027312658274, 
  "425_415": 0.30264182831419995, 
  "450_370": 0.5369259522463894, 
  "450_380": 0.49302835947762924, 
  "450_390": 0.45106661137795595, 
  "450_400": 0.41404354388368647, 
  "450_410": 0.3834014152733948, 
  "450_420": 0.3524762739553697, 
  "450_430": 0.3241154779114498, 
  "450_440": 0.3115820356848357, 
  "475_395": 0.547753328774287, 
  "475_405": 0.5031888165947304, 
  "475_415": 0.463614245530085, 
  "475_425": 0.42444736555543455, 
  "475_435": 0.392383250772683, 
  "475_445": 0.3618603259573126, 
  "475_455": 0.3337680237075445, 
  "475_465": 0.31892433592914465, 
  "500_420": 0.557700672702443, 
  "500_430": 0.5129739520268985, 
  "500_440": 0.4670953733088358, 
  "500_450": 0.43438197210648033, 
  "500_460": 0.4022337064341522, 
  "500_470": 0.3696979379995836, 
  "500_480": 0.3426535281550358, 
  "500_490": 0.3293993644727824, 
  "525_445": 0.5658642879030336, 
  "525_455": 0.5185108783239323, 
  "525_465": 0.4785757946210269, 
  "525_475": 0.4409046200133075, 
  "525_485": 0.4098421151647588, 
  "525_495": 0.37843147845578406, 
  "525_505": 0.34995941133340314, 
  "525_515": 0.33474523401432915, 
  "550_470": 0.5733106398638392, 
  "550_480": 0.5278628449521712, 
  "550_490": 0.48382704726605713, 
  "550_500": 0.4520180791407463, 
  "550_510": 0.4162798766022485, 
  "550_520": 0.38469073863844433, 
  "550_530": 0.3555333299140039, 
  "550_540": 0.34475184757704697, 
  "575_495": 0.5819873294903259, 
  "575_505": 0.5358304087530966, 
  "575_515": 0.49337921747587343, 
  "575_525": 0.45547954926059436, 
  "575_535": 0.4239738340157795, 
  "575_545": 0.39246620923881864, 
  "575_555": 0.36028176208848084, 
  "575_565": 0.3497309377848251, 
  "600_520": 0.5890524889107935, 
  "600_530": 0.5421108294582753, 
  "600_540": 0.5023528897565523, 
  "600_550": 0.462221964109414, 
  "600_560": 0.4281940532081377, 
  "600_570": 0.3948252783869222, 
  "600_580": 0.3671436764726454, 
  "600_590": 0.354387341441088, 
  "625_545": 0.592808213208764, 
  "625_555": 0.5470895191881848, 
  "625_565": 0.5051239275500476, 
  "625_575": 0.4667549076907209, 
  "625_585": 0.4319317894203999, 
  "625_595": 0.40075835501502594, 
  "625_605": 0.3723790577238853, 
  "625_615": 0.3596339811051098, 
  "650_570": 0.5997952185922468, 
  "650_580": 0.5559497339295976, 
  "650_590": 0.5099314016586465, 
  "650_600": 0.477099964580552, 
  "650_610": 0.4391027143593831, 
  "650_620": 0.4062722387180683, 
  "650_630": 0.3770201074060197, 
  "650_640": 0.3636688845961222, 
  "675_595": 0.602832419379182, 
  "675_605": 0.5611916264090178, 
  "675_615": 0.5161158918478538, 
  "675_625": 0.4753196152441252, 
  "675_635": 0.4423281311181966, 
  "675_645": 0.4116301723772818, 
  "675_655": 0.3854661812785494, 
  "675_665": 0.37620736981122305, 
  "700_620": 0.6071830193983694, 
  "700_630": 0.5645655701810876, 
  "700_640": 0.5191483627543457, 
  "700_650": 0.47996246412011484, 
  "700_660": 0.44729438600937776, 
  "700_670": 0.41727485126574654, 
  "700_680": 0.3878494750501357, 
  "700_690": 0.37898371104815864, 
  "725_645": 0.6114023591087812, 
  "725_655": 0.566806199796357, 
  "725_665": 0.5227252976449118, 
  "725_675": 0.4839694236691597, 
  "725_685": 0.45215981470758543, 
  "725_695": 0.42217495071080213, 
  "725_705": 0.39262966333030025, 
  "725_715": 0.37769395130443956, 
  "750_670": 0.6099280896371035, 
  "750_680": 0.5715117463829291, 
  "750_690": 0.5241185317217179, 
  "750_700": 0.485534215316074, 
  "750_710": 0.45260782948899503, 
  "750_720": 0.42223803955462913, 
  "750_730": 0.39603960396039606, 
  "750_740": 0.3802080219977285, 
  "775_695": 0.6154969954242241, 
  "775_705": 0.570949326113825, 
  "775_715": 0.5266504215332045, 
  "775_725": 0.49571017715155763, 
  "775_735": 0.45405689094153456, 
  "775_745": 0.42596071275225417, 
  "775_755": 0.3986948592271743, 
  "775_765": 0.389631551947856, 
  "800_720": 0.621152978039778, 
  "800_730": 0.5804781287031789, 
  "800_740": 0.5330623461384325, 
  "800_750": 0.48969914539073595, 
  "800_760": 0.4601222166854625, 
  "800_770": 0.4306440403104367, 
  "800_780": 0.40326127769135867, 
  "800_790": 0.3930351377613391
}