{
  "250_170": 0.26741680706519627, 
  "250_180": 0.2590546629674035, 
  "250_190": 0.24704495815698013, 
  "250_200": 0.234065155073386, 
  "250_210": 0.22276238212489263, 
  "250_220": 0.2124780834214191, 
  "250_230": 0.20663395375358942, 
  "250_240": 0.20421341828942546, 
  "275_195": 0.29195684005246914, 
  "275_205": 0.28069679465832287, 
  "275_215": 0.2672637946872893, 
  "275_225": 0.25331881940800205, 
  "275_235": 0.24056623455472434, 
  "275_245": 0.2296671462412199, 
  "275_255": 0.22458700322998335, 
  "275_265": 0.22171986980192962, 
  "300_220": 0.3133690493788772, 
  "300_230": 0.30066532740547824, 
  "300_240": 0.28579540819848026, 
  "300_250": 0.2704276184837236, 
  "300_260": 0.25712538271602325, 
  "300_270": 0.24668162925760423, 
  "300_280": 0.24088973741230663, 
  "300_290": 0.23820911550296348, 
  "325_245": 0.33232526538410456, 
  "325_255": 0.31802977871471566, 
  "325_265": 0.3019573457953128, 
  "325_275": 0.28557953696392896, 
  "325_285": 0.2718771940687598, 
  "325_295": 0.26127621290414843, 
  "325_305": 0.25537118888070964, 
  "325_315": 0.2528521357235955, 
  "350_270": 0.3492001950025684, 
  "350_280": 0.33369708531179365, 
  "350_290": 0.31670362418185155, 
  "350_300": 0.29993628596345895, 
  "350_310": 0.28623857563182403, 
  "350_320": 0.27544099350517287, 
  "350_330": 0.2689296437606924, 
  "350_340": 0.2668651374602808, 
  "375_295": 0.36469828125838355, 
  "375_305": 0.34814383871142945, 
  "375_315": 0.330146736123037, 
  "375_325": 0.3132050252441579, 
  "375_335": 0.2984905770787481, 
  "375_345": 0.2870759020561277, 
  "375_355": 0.2811803186317457, 
  "375_365": 0.27831393721779346, 
  "400_320": 0.37764523821166507, 
  "400_330": 0.36073244502109814, 
  "400_340": 0.3426360509533075, 
  "400_350": 0.3248782811216109, 
  "400_360": 0.309712857107515, 
  "400_370": 0.29885751953779066, 
  "400_380": 0.292454371081955, 
  "400_390": 0.2900922607213465, 
  "425_345": 0.39108821782356434, 
  "425_355": 0.3719041893078028, 
  "425_365": 0.35439130043522366, 
  "425_375": 0.33577467090980606, 
  "425_385": 0.32071612261799254, 
  "425_395": 0.30900575443597, 
  "425_405": 0.30353848407461925, 
  "425_415": 0.300322099051336, 
  "450_370": 0.402219519610824, 
  "450_380": 0.38339017590535357, 
  "450_390": 0.363654921464698, 
  "450_400": 0.3452962394792487, 
  "450_410": 0.33013356405427136, 
  "450_420": 0.3189628153359859, 
  "450_430": 0.3136278169318543, 
  "450_440": 0.3101984925833524, 
  "475_395": 0.41252500444849427, 
  "475_405": 0.3930314632544672, 
  "475_415": 0.37357692375299556, 
  "475_425": 0.3547586808045401, 
  "475_435": 0.33859990323223316, 
  "475_445": 0.32841889428033855, 
  "475_455": 0.32150153066942455, 
  "475_465": 0.3197309808008532, 
  "500_420": 0.4214475221209642, 
  "500_430": 0.40238972347143814, 
  "500_440": 0.38131210200410537, 
  "500_450": 0.36434519912241403, 
  "500_460": 0.34845935905438363, 
  "500_470": 0.3360171099886128, 
  "500_480": 0.33067920504618387, 
  "500_490": 0.32860696100563286, 
  "525_445": 0.42849123270481787, 
  "525_455": 0.409314875645237, 
  "525_465": 0.3900155369776669, 
  "525_475": 0.36997327835809624, 
  "525_485": 0.3569812427315168, 
  "525_495": 0.34480736292811015, 
  "525_505": 0.3389125980449734, 
  "525_515": 0.3347137806379851, 
  "550_470": 0.4367946208187931, 
  "550_480": 0.41908490966437256, 
  "550_490": 0.39731888563738427, 
  "550_500": 0.3776071744004348, 
  "550_510": 0.36158199839075417, 
  "550_520": 0.3515523947204705, 
  "550_530": 0.34370096750334544, 
  "550_540": 0.34097436142526316, 
  "575_495": 0.4430943514244511, 
  "575_505": 0.4252577319587629, 
  "575_515": 0.40450326149620736, 
  "575_525": 0.38517443489370284, 
  "575_535": 0.3704063470317071, 
  "575_545": 0.35672302674083295, 
  "575_555": 0.35040558707589947, 
  "575_565": 0.3479355431954786, 
  "600_520": 0.4497988113256303, 
  "600_530": 0.42963946092100896, 
  "600_540": 0.4094133099824869, 
  "600_550": 0.38888852848255234, 
  "600_560": 0.3738599578234765, 
  "600_570": 0.3658986653228496, 
  "600_580": 0.35756611998512644, 
  "600_590": 0.355096816688248, 
  "625_545": 0.4543686456691462, 
  "625_555": 0.4377731183006408, 
  "625_565": 0.4133437901579862, 
  "625_575": 0.39837226411624055, 
  "625_585": 0.3801855231143552, 
  "625_595": 0.3689570189274448, 
  "625_605": 0.3622672154445285, 
  "625_615": 0.35879644946921646, 
  "650_570": 0.4648645940326177, 
  "650_580": 0.4397600262984878, 
  "650_590": 0.4220435794372752, 
  "650_600": 0.4006169991927113, 
  "650_610": 0.385464939487928, 
  "650_620": 0.3744042269248577, 
  "650_630": 0.36887368018190414, 
  "650_640": 0.3609374458299146, 
  "675_595": 0.46704410203622093, 
  "675_605": 0.44813841382145214, 
  "675_615": 0.4236626809314034, 
  "675_625": 0.4056432624387231, 
  "675_635": 0.3889537750785123, 
  "675_645": 0.3790626069107082, 
  "675_655": 0.3699949850872331, 
  "675_665": 0.3682285336700138, 
  "700_620": 0.4711690980987914, 
  "700_630": 0.4520252724011458, 
  "700_640": 0.43153956834532375, 
  "700_650": 0.4075872121751161, 
  "700_660": 0.3937634806187219, 
  "700_670": 0.38023748146763015, 
  "700_680": 0.3762166790485664, 
  "700_690": 0.3742113777298463, 
  "725_645": 0.47733157333604104, 
  "725_655": 0.4551634311232401, 
  "725_665": 0.43296533237533336, 
  "725_675": 0.41206572485296794, 
  "725_685": 0.3979083736392301, 
  "725_695": 0.38747621518768377, 
  "725_705": 0.37865519342065185, 
  "725_715": 0.37556171418729545, 
  "750_670": 0.47734830335752854, 
  "750_680": 0.457506288520916, 
  "750_690": 0.43532335138579165, 
  "750_700": 0.4167396134940408, 
  "750_710": 0.40158184233725275, 
  "750_720": 0.3899972855591748, 
  "750_730": 0.38379819524200165, 
  "750_740": 0.38094262594928374, 
  "775_695": 0.48170245154003855, 
  "775_705": 0.4612705314559548, 
  "775_715": 0.44198887439049517, 
  "775_725": 0.4212245199773237, 
  "775_735": 0.4039455582417289, 
  "775_745": 0.3943743889913252, 
  "775_755": 0.387429392286716, 
  "775_765": 0.38828848008215094, 
  "800_720": 0.48603625673689366, 
  "800_730": 0.4666464489896778, 
  "800_740": 0.44265781494733514, 
  "800_750": 0.4281833401775279, 
  "800_760": 0.4062084846337791, 
  "800_770": 0.39791769716126385, 
  "800_780": 0.38901370040906436, 
  "800_790": 0.38870423559808853
}