{
  "250_170": 0.2674319732933287, 
  "250_180": 0.2588073734336084, 
  "250_190": 0.24674413190941824, 
  "250_200": 0.23402546548024283, 
  "250_210": 0.22291607872584573, 
  "250_220": 0.21218094656375516, 
  "250_230": 0.2066265592177421, 
  "250_240": 0.20458958813396272, 
  "275_195": 0.29196875302196745, 
  "275_205": 0.2800627321101561, 
  "275_215": 0.2664860965912638, 
  "275_225": 0.25284889942941347, 
  "275_235": 0.24030816468520216, 
  "275_245": 0.23070175673182095, 
  "275_255": 0.22473174541976898, 
  "275_265": 0.22223075658470984, 
  "300_220": 0.31311385487927307, 
  "300_230": 0.3009282612951894, 
  "300_240": 0.2847433540304663, 
  "300_250": 0.26949059598380165, 
  "300_260": 0.25766958063325945, 
  "300_270": 0.24683082366632247, 
  "300_280": 0.2404375714190843, 
  "300_290": 0.23835135277059788, 
  "325_245": 0.332137621184136, 
  "325_255": 0.3171390334289715, 
  "325_265": 0.301510923272942, 
  "325_275": 0.2859413850275342, 
  "325_285": 0.27080171178630785, 
  "325_295": 0.26115887698624607, 
  "325_305": 0.25483569311222987, 
  "325_315": 0.2530988860000829, 
  "350_270": 0.3496999242755617, 
  "350_280": 0.3333200324541452, 
  "350_290": 0.3163340440157049, 
  "350_300": 0.29964472183880453, 
  "350_310": 0.2858387496522597, 
  "350_320": 0.2744075490895057, 
  "350_330": 0.2680085370595295, 
  "350_340": 0.2663346778401056, 
  "375_295": 0.36510305941613225, 
  "375_305": 0.3478746723369008, 
  "375_315": 0.32974745560882046, 
  "375_325": 0.31324051208166137, 
  "375_335": 0.2980216183140074, 
  "375_345": 0.28744071571594215, 
  "375_355": 0.281191772157319, 
  "375_365": 0.27902375072782915, 
  "400_320": 0.37898111840147014, 
  "400_330": 0.36089019072905754, 
  "400_340": 0.34137201937703904, 
  "400_350": 0.3243102319568128, 
  "400_360": 0.30968677749988976, 
  "400_370": 0.29907226066154796, 
  "400_380": 0.2921050113132225, 
  "400_390": 0.2898420536863747, 
  "425_345": 0.38946224401702095, 
  "425_355": 0.37183797867708573, 
  "425_365": 0.353203802669388, 
  "425_375": 0.3363516268985567, 
  "425_385": 0.319791141636723, 
  "425_395": 0.30915935456384636, 
  "425_405": 0.30273694483413643, 
  "425_415": 0.30084723101195304, 
  "450_370": 0.4027058627025221, 
  "450_380": 0.38353428774401804, 
  "450_390": 0.36375496533997975, 
  "450_400": 0.3467434777355995, 
  "450_410": 0.3310359420815574, 
  "450_420": 0.319328537487674, 
  "450_430": 0.31216246072270226, 
  "450_440": 0.3099611901681759, 
  "475_395": 0.4124043759258654, 
  "475_405": 0.39328894806924103, 
  "475_415": 0.3739284658587053, 
  "475_425": 0.35699371799992735, 
  "475_435": 0.3393649437294884, 
  "475_445": 0.3280884591113256, 
  "475_455": 0.3215224825301077, 
  "475_465": 0.3173538273291457, 
  "500_420": 0.4223523833130368, 
  "500_430": 0.4020608787163898, 
  "500_440": 0.37940298672139194, 
  "500_450": 0.3638718356015398, 
  "500_460": 0.3474389916867793, 
  "500_470": 0.3354746681774037, 
  "500_480": 0.329729027840899, 
  "500_490": 0.32955439382623847, 
  "525_445": 0.4311101670914755, 
  "525_455": 0.4095973203233088, 
  "525_465": 0.39101416479282736, 
  "525_475": 0.36781600553366817, 
  "525_485": 0.3554038560969944, 
  "525_495": 0.3436841448763483, 
  "525_505": 0.3351363186661693, 
  "525_515": 0.3349541753594129, 
  "550_470": 0.4380546154202791, 
  "550_480": 0.41584548260083004, 
  "550_490": 0.3973575777454337, 
  "550_500": 0.3756737289188048, 
  "550_510": 0.3597610084096571, 
  "550_520": 0.35166712756291235, 
  "550_530": 0.3434749239617582, 
  "550_540": 0.3406622141355153, 
  "575_495": 0.4417397555715313, 
  "575_505": 0.4233446543351952, 
  "575_515": 0.4022168127998487, 
  "575_525": 0.3832357587584797, 
  "575_535": 0.3704004287573693, 
  "575_545": 0.35885795125715386, 
  "575_555": 0.3493508431577377, 
  "575_565": 0.34812932525951557, 
  "600_520": 0.45005511953535055, 
  "600_530": 0.42889451375679605, 
  "600_540": 0.40763147221846696, 
  "600_550": 0.3913303527371144, 
  "600_560": 0.37782184500674226, 
  "600_570": 0.36218630370055294, 
  "600_580": 0.3563670628688565, 
  "600_590": 0.3530069408860111, 
  "625_545": 0.4550560802310541, 
  "625_555": 0.4348102993358202, 
  "625_565": 0.41562268235482774, 
  "625_575": 0.3926611330339729, 
  "625_585": 0.3770724018913473, 
  "625_595": 0.36886009012028453, 
  "625_605": 0.3598345791498961, 
  "625_615": 0.3579652718710454, 
  "650_570": 0.46362538081731275, 
  "650_580": 0.43560048827819337, 
  "650_590": 0.41892667348619045, 
  "650_600": 0.39683081039955925, 
  "650_610": 0.3865025607136957, 
  "650_620": 0.37520119044003764, 
  "650_630": 0.364626785100849, 
  "650_640": 0.36664251928239655, 
  "675_595": 0.46693179341904556, 
  "675_605": 0.4489400707480183, 
  "675_615": 0.4267441141939072, 
  "675_625": 0.40357534362087866, 
  "675_635": 0.38434813481094515, 
  "675_645": 0.37506987143655673, 
  "675_655": 0.3717738631708316, 
  "675_665": 0.3656392117230925, 
  "700_620": 0.47198976075612875, 
  "700_630": 0.44749283914829, 
  "700_640": 0.4286722629761274, 
  "700_650": 0.40731125037302296, 
  "700_660": 0.39152276295133437, 
  "700_670": 0.3795795795795796, 
  "700_680": 0.3756557262894016, 
  "700_690": 0.37406414124483184, 
  "725_645": 0.4756270974347307, 
  "725_655": 0.4570432357043236, 
  "725_665": 0.43658482267134346, 
  "725_675": 0.41054874800213104, 
  "725_685": 0.3984004969329917, 
  "725_695": 0.38222149553084805, 
  "725_705": 0.37762152988241, 
  "725_715": 0.3813087426848732, 
  "750_670": 0.4773439802781425, 
  "750_680": 0.4616014465559005, 
  "750_690": 0.4306197008340801, 
  "750_700": 0.4202509585221331, 
  "750_710": 0.40125985865000513, 
  "750_720": 0.38591391019690235, 
  "750_730": 0.3846369184256201, 
  "750_740": 0.382781497076732, 
  "775_695": 0.48353932904254715, 
  "775_705": 0.456802707220614, 
  "775_715": 0.4394235186035829, 
  "775_725": 0.4236441867421366, 
  "775_735": 0.4035484794089336, 
  "775_745": 0.39653530811954507, 
  "775_755": 0.388542066845947, 
  "775_765": 0.3826507077132244, 
  "800_720": 0.48562750840655167, 
  "800_730": 0.46503044260071297, 
  "800_740": 0.4468734583127775, 
  "800_750": 0.4207722715001928, 
  "800_760": 0.4098913450730611, 
  "800_770": 0.39491509100831435, 
  "800_780": 0.39458427119568923, 
  "800_790": 0.3859077035452482
}