{
  "signals": [
    "T2tt_175_1",
    "T2tt_250_50",
    "T2tt_250_75",
    "T2tt_250_100"
  ],
  "yieldsMap": {
    "T2tt_175_1": {
      "bin_hm_nb1_highmtb_nt0_nrt0_nw0_htgt1000_MET_pt250to350": [
        19.2229175586097,
        19.2229175586097
      ],
      "bin_hm_nb1_highmtb_nt0_nrt0_nw0_htgt1000_MET_pt350to450": [
        26.1345537173764,
        18.7369178213774
      ],
      "bin_hm_nb1_highmtb_nt0_nrt0_nw0_htgt1000_MET_pt450to550": [
        8.69637399466231,
        8.69637399466231
      ],
      "bin_hm_nb1_highmtb_nt0_nrt0_nw0_htgt1000_MET_pt550toinf": [
        1e-06,
        1e-06
      ]
    },
    "T2tt_250_100": {
      "bin_hm_nb1_highmtb_nt0_nrt0_nw0_htgt1000_MET_pt250to350": [
        102.240314346906,
        18.062681925182
      ],
      "bin_hm_nb1_highmtb_nt0_nrt0_nw0_htgt1000_MET_pt350to450": [
        44.9782423348828,
        11.9180793412015
      ],
      "bin_hm_nb1_highmtb_nt0_nrt0_nw0_htgt1000_MET_pt450to550": [
        21.2723078391055,
        7.78753522213686
      ],
      "bin_hm_nb1_highmtb_nt0_nrt0_nw0_htgt1000_MET_pt550toinf": [
        12.3878027502017,
        6.32309298070235
      ]
    },
    "T2tt_250_50": {
      "bin_hm_nb1_highmtb_nt0_nrt0_nw0_htgt1000_MET_pt250to350": [
        18.7552708854286,
        6.90521523472266
      ],
      "bin_hm_nb1_highmtb_nt0_nrt0_nw0_htgt1000_MET_pt350to450": [
        8.6164373935856,
        5.03526545604951
      ],
      "bin_hm_nb1_highmtb_nt0_nrt0_nw0_htgt1000_MET_pt450to550": [
        5.09562252969609,
        3.62808544102099
      ],
      "bin_hm_nb1_highmtb_nt0_nrt0_nw0_htgt1000_MET_pt550toinf": [
        1e-06,
        1e-06
      ]
    },
    "T2tt_250_75": {
      "bin_hm_nb1_highmtb_nt0_nrt0_nw0_htgt1000_MET_pt250to350": [
        27.2298751169281,
        9.82415927295086
      ],
      "bin_hm_nb1_highmtb_nt0_nrt0_nw0_htgt1000_MET_pt350to450": [
        12.9845703542565,
        6.72314472127094
      ],
      "bin_hm_nb1_highmtb_nt0_nrt0_nw0_htgt1000_MET_pt450to550": [
        13.2037929602848,
        6.8237895125931
      ],
      "bin_hm_nb1_highmtb_nt0_nrt0_nw0_htgt1000_MET_pt550toinf": [
        1e-06,
        1e-06
      ]
    },
    "lepcr_T2tt_175_1": {
      "bin_lepcr_hm_nb1_highmtb_ht1000to1300_MET_pt250to350": [
        98.9035460291981,
        40.5930699237346
      ],
      "bin_lepcr_hm_nb1_highmtb_ht1000to1300_MET_pt350to450": [
        15.9490524536781,
        15.9490524536781
      ],
      "bin_lepcr_hm_nb1_highmtb_ht1000to1300_MET_pt450to550": [
        1e-06,
        1e-06
      ],
      "bin_lepcr_hm_nb1_highmtb_ht1000to1300_MET_pt550to650": [
        1e-06,
        1e-06
      ],
      "bin_lepcr_hm_nb1_highmtb_ht1000to1300_MET_pt650toinf": [
        1e-06,
        1e-06
      ],
      "bin_lepcr_hm_nb1_highmtb_ht1300to1500_MET_pt250to350": [
        15.4512500071205,
        15.4512500071205
      ],
      "bin_lepcr_hm_nb1_highmtb_ht1300to1500_MET_pt350to450": [
        1e-06,
        1e-06
      ],
      "bin_lepcr_hm_nb1_highmtb_ht1300to1500_MET_pt450to550": [
        1e-06,
        1e-06
      ],
      "bin_lepcr_hm_nb1_highmtb_ht1300to1500_MET_pt550to650": [
        1e-06,
        1e-06
      ],
      "bin_lepcr_hm_nb1_highmtb_ht1300to1500_MET_pt650toinf": [
        11.1678794814692,
        11.1678794814692
      ],
      "bin_lepcr_hm_nb1_highmtb_htgt1500_MET_pt250to350": [
        1e-06,
        1e-06
      ],
      "bin_lepcr_hm_nb1_highmtb_htgt1500_MET_pt350to450": [
        24.9999390401106,
        24.9999390401106
      ],
      "bin_lepcr_hm_nb1_highmtb_htgt1500_MET_pt450to550": [
        1e-06,
        1e-06
      ],
      "bin_lepcr_hm_nb1_highmtb_htgt1500_MET_pt550to650": [
        2.69647013421778,
        2.69647013421778
      ],
      "bin_lepcr_hm_nb1_highmtb_htgt1500_MET_pt650toinf": [
        1e-06,
        1e-06
      ]
    },
    "lepcr_T2tt_250_100": {
      "bin_lepcr_hm_nb1_highmtb_ht1000to1300_MET_pt250to350": [
        25.3572899813649,
        8.61349721788194
      ],
      "bin_lepcr_hm_nb1_highmtb_ht1000to1300_MET_pt350to450": [
        2.86977029406645,
        2.75773213016274
      ],
      "bin_lepcr_hm_nb1_highmtb_ht1000to1300_MET_pt450to550": [
        7.89671122028056,
        5.22933307373776
      ],
      "bin_lepcr_hm_nb1_highmtb_ht1000to1300_MET_pt550to650": [
        1e-06,
        1e-06
      ],
      "bin_lepcr_hm_nb1_highmtb_ht1000to1300_MET_pt650toinf": [
        1e-06,
        1e-06
      ],
      "bin_lepcr_hm_nb1_highmtb_ht1300to1500_MET_pt250to350": [
        1e-06,
        1e-06
      ],
      "bin_lepcr_hm_nb1_highmtb_ht1300to1500_MET_pt350to450": [
        5.60388456778149,
        3.89497945605058
      ],
      "bin_lepcr_hm_nb1_highmtb_ht1300to1500_MET_pt450to550": [
        1e-06,
        1e-06
      ],
      "bin_lepcr_hm_nb1_highmtb_ht1300to1500_MET_pt550to650": [
        1e-06,
        1e-06
      ],
      "bin_lepcr_hm_nb1_highmtb_ht1300to1500_MET_pt650toinf": [
        1.68228961175225,
        1.68228961175225
      ],
      "bin_lepcr_hm_nb1_highmtb_htgt1500_MET_pt250to350": [
        1e-06,
        1e-06
      ],
      "bin_lepcr_hm_nb1_highmtb_htgt1500_MET_pt350to450": [
        1e-06,
        1e-06
      ],
      "bin_lepcr_hm_nb1_highmtb_htgt1500_MET_pt450to550": [
        4.76945361006792,
        3.38801004340352
      ],
      "bin_lepcr_hm_nb1_highmtb_htgt1500_MET_pt550to650": [
        2.36648327774357,
        2.36648327774357
      ],
      "bin_lepcr_hm_nb1_highmtb_htgt1500_MET_pt650toinf": [
        3.74081235087931,
        3.74081235087931
      ]
    },
    "lepcr_T2tt_250_50": {
      "bin_lepcr_hm_nb1_highmtb_ht1000to1300_MET_pt250to350": [
        39.4761227771967,
        10.8527669865361
      ],
      "bin_lepcr_hm_nb1_highmtb_ht1000to1300_MET_pt350to450": [
        15.1741042936232,
        7.91513497472637
      ],
      "bin_lepcr_hm_nb1_highmtb_ht1000to1300_MET_pt450to550": [
        6.88575500125286,
        4.79450997371738
      ],
      "bin_lepcr_hm_nb1_highmtb_ht1000to1300_MET_pt550to650": [
        3.22756785149033,
        3.22756785149033
      ],
      "bin_lepcr_hm_nb1_highmtb_ht1000to1300_MET_pt650toinf": [
        2.96013746728914,
        2.96013746728914
      ],
      "bin_lepcr_hm_nb1_highmtb_ht1300to1500_MET_pt250to350": [
        8.49286232363506,
        6.05560975407638
      ],
      "bin_lepcr_hm_nb1_highmtb_ht1300to1500_MET_pt350to450": [
        1e-06,
        1e-06
      ],
      "bin_lepcr_hm_nb1_highmtb_ht1300to1500_MET_pt450to550": [
        1e-06,
        1e-06
      ],
      "bin_lepcr_hm_nb1_highmtb_ht1300to1500_MET_pt550to650": [
        2.73230362100539,
        2.73230362100539
      ],
      "bin_lepcr_hm_nb1_highmtb_ht1300to1500_MET_pt650toinf": [
        1e-06,
        1e-06
      ],
      "bin_lepcr_hm_nb1_highmtb_htgt1500_MET_pt250to350": [
        2.60031257483376,
        2.60031257483376
      ],
      "bin_lepcr_hm_nb1_highmtb_htgt1500_MET_pt350to450": [
        5.02972807029781,
        3.68256544550464
      ],
      "bin_lepcr_hm_nb1_highmtb_htgt1500_MET_pt450to550": [
        1e-06,
        1e-06
      ],
      "bin_lepcr_hm_nb1_highmtb_htgt1500_MET_pt550to650": [
        1e-06,
        1e-06
      ],
      "bin_lepcr_hm_nb1_highmtb_htgt1500_MET_pt650toinf": [
        3.1754741801493,
        3.1754741801493
      ]
    },
    "lepcr_T2tt_250_75": {
      "bin_lepcr_hm_nb1_highmtb_ht1000to1300_MET_pt250to350": [
        23.8573628313904,
        7.6234519607567
      ],
      "bin_lepcr_hm_nb1_highmtb_ht1000to1300_MET_pt350to450": [
        12.1165931837106,
        5.57069601445115
      ],
      "bin_lepcr_hm_nb1_highmtb_ht1000to1300_MET_pt450to550": [
        11.9158600194707,
        6.37616538313403
      ],
      "bin_lepcr_hm_nb1_highmtb_ht1000to1300_MET_pt550to650": [
        1e-06,
        1e-06
      ],
      "bin_lepcr_hm_nb1_highmtb_ht1000to1300_MET_pt650toinf": [
        1e-06,
        1e-06
      ],